,company_link_0,company_link_1,company_link_2,company_link_3,company_name,company_link
0,[],,,,#nomad travel,www.nomadtravel.co.uk
1,[],,,,*everything genetic ltd,covidtests.everythinggeneticltd.co.uk
2,[],,,,+44 covid test,0044covidtest.com
3,[],,,,.0000covid 19 private test ltd,covidtravelpcr.com
4,[],,,,.0001 ace-thetix,www.testingservices.online
5,[],,,,.001expert tms limited,www.expertcovidtestinguk.com
6,[],,,,.001my express testing,www.myexpresstesting.co.uk
7,[],,,,.004 medical testing,4medicaltesting.co.uk
8,[],,,,.expert doctors,www.expertdoctors.uk
9,[],,,,.medical covid test,www.medicalcovidtest.com
10,[],,,,0 covid clear,www.0covidclear.com
11,[],,,,0+blindspot global,www.blindspotglobal.com
12,[],,,,0+g16 covid testing,www.coronatest.co.uk
13,[],,,,0-100 travel 19,www.travel19.co.uk
14,[],,,,00 harley medic international,www.harleymedic.co.uk
15,[],,,,000 book a travel test,www.bookatraveltest.com
16,[],,,,0000covid 19 private test ltd,covidtravelpcr.com
17,[],,,,0001ace-thetix,testingservices.online
18,[],,,,0001travelscreening,covidtests.everythinggeneticltd.co.uk
19,[],,,,001 alpha express testing,www.001alphaexpresstesting.co.uk
20,[],[],,,001 covid test,001covidtest.co.uk
21,[],,,,001 digital health group ltd t/a pharma diagnostics,pcrdirect.co.uk
22,[],,,,001 expert covid testing uk,www.expertcovidtestinguk.com
23,[],,,,001aexpresstesting,www.myexpresstesting.co.uk
24,[],,,,001expert covid testing uk,www.expertcovidtestinguk.com
25,[],,,,004 medical testing,4medicaltesting.co.uk
26,[],[],,,0044 covid test,0044covidtest.com
27,[],,,,0044healthtesting,0044healthtesting.co.uk
28,[],,,,004medical testing,4medicaltesting.co.uk
29,[],,,,00analysis1,00analysis1.co.uk
30,[],,,,00expert tms limited,www.expertcovidtestinguk.com
31,[],,,,01 ct24 solutions ltd,ct24.co.uk
32,[],,,,01 harley street,01harleystreet.co.uk
33,[],,,,01 health hub,www.1healthhub.co.uk
34,[],,,,01harleystreet,01harleystreet.co.uk
35,[],,,,01pcrtravel london,pcrtravel.co.uk
36,[],,,,01st class testing,1stclasstesting.co.uk
37,[],,,,04 medical testing,4medicaltesting.co.uk
38,[],,,,044 covid test,0044covidtest.com
39,[],,,,0ptimized body & mind,optimizedbodyandmind.co.uk
40,[],,,,1  harley medic international,www.harleymedic.co.uk
41,[],,,,1  nomad,www.nomadtravel.co.uk
42,[],,,,1 affordabletest.com,1affordabletest.com
43,[],,,,1 alpha express testing,www.001alphaexpresstesting.co.uk
44,[],,,,1 corporate covid tests,www.1corporatecovidtests.com
45,[],[],,,1 covclinics,www.covclinics.co.uk
46,[],,,,1 harley medic international,www.harleymedic.co.uk
47,[],,,,1 health hub,www.1healthhub.co.uk
48,[],,,,1 health hub ltd,www.1healthhub.co.uk
49,[],,,,1 nhl pharmacy,www.getavaccine.co.uk
50,[],,,,1 pcrtravel london,pcrtravel.co.uk
51,[],,,,1 st class testing,1stclasstesting.co.uk
52,[],[],,,1 stop covid shop,www.1stopcovidshop.com
53,[],,,,10 harley linknurse clinic london,www.linknurse.co.uk
54,[],,,,10 hs linknurse clinic london,www.linknurse.co.uk
55,[],,,,100 covid clear,100covidclear.co.uk
56,[],,,,101 covid travel clinic,www.covidtravelclinics.com
57,[],,,,101 expert doctors,www.expertdoctors.uk
58,,[],,,101 testing,
59,[],,,,1010labs,www.1010labs.co.uk
60,[],,,,107 harley street,107harleystreet.co.uk
61,[],,,,118 testing,118testing.com
62,[],,,,118testing,118testing.com
63,[],,,,12-14 pharmacy,www.theacornpharmacy.com
64,[],,,,121 covicall,121covicall.com
65,[],,,,121 pure testing,puretesting.co.uk
66,[],,,,123 clinics,123clinics.co.uk
67,[],,,,123 covid labs,www.123labs.co.uk
68,[],,,,123clinics,123clinics.co.uk
69,[],,,,123covidtests,www.123tests.co.uk
70,,[],,,123tests.co.uk,
71,[],,,,15 minute covid test,www.15minutecovidtest.co.uk
72,[],,,,1affordabletest,1affordabletest.com
73,[],,,,1affordabletest.com,1affordabletest.com
74,[],,,,1corporate covid tests,www.1corporatecovidtests.com
75,[],[],,,1rapid clinics,1rapidclinics.co.uk
76,[],,,,1st class testing,1stclasstesting.co.uk
77,[],,,,1st class testing ltd,1stclasstesting.co.uk
78,[],,,,1west end medical practice uk,1westendmedicalpracticeuk.com
79,[],,,,1west end medical practice uk ltd,1westendmedicalpracticeuk.com
80,[],,,,1westendmedicalpracticeuk,1westendmedicalpracticeuk.com
81,[],,,,20/30 labs,www.2030lab.com
82,[],,,,247 travel tests,www.247traveltests.com
83,[],,,,247hometesting,247hometesting.com
84,[],,,,247hometesting.com,247hometesting.com
85,[],[],,,258 postal racoo screening ltd,www.racoorapidtesting.com
86,[],,,,29 fleet street ltd,fleetstreetclinic.com
87,[],,,,29 fleet street ltd t/a fleet street clinic,fleetstreetclinic.com
88,[],,,,3a covid testing limited,3acovidtesting.com
89,[],,,,3six health,3sixtesting.co.uk
90,[],,,,4 medical testing,4medicaltesting.co.uk
91,[],,,,@01a my express testing,www.myexpresstesting.co.uk
92,[],,,,@corona tests,www.coronatests.com
93,,,,,@covid19 health clinics limited,
94,[],,,,@harley street nurses (t/a harley street nurses ltd),www.harleystreetnurses.com
95,[],,,,a hasu diagnostics,www.hasudiagnostics.com
96,[],,,,a1 covid testing,www.a1covidtesting.com
97,[],,,,a1 global testing limited,a1globaltesting.com
98,[],,,,a1 track&travel,www.a1trackandtravel.co.uk
99,[],,,,abbeycovidscreening,0001abbeycovidscreening.com
100,[],,,,abg covic ltd,abgcovic.com
101,[],,,,abicare health,abicarehealth.co.uk
102,[],,,,abicare health solutions,abicarehealth.co.uk
103,[],,,,abicare health solutions ltd (riva health),abicarehealth.co.uk
104,[],,,,accendolab limited,www.accendolab.co.uk
105,[],,,,ace-thetix,testingservices.online
106,[],,,,acethetix,www.testingservices.online
107,[],,,,acethetix testing services,www.testingservices.online
108,[],,,,acorn occupational health ltd,www.acornoh.co.uk
109,[],,,,advisa  medica,www.covidtestingclinic.co.uk
110,[],[],,,advisa medica,www.covidtestingclinic.co.uk
111,[],[],,,aeromedical consulting uk,testingatamcuk.com
112,[],,,,aesthetika clinic,www.aesthetika.co.uk
113,[],,,,af aesthetics (enoura medical),www.covidtesthub.co.uk
114,[],,,,affinity health,www.affinityhealth.uk
115,[],,,,afforable tfnow,londontest.co.uk
116,[],,,,agg coventry ltd ta vantage chemist,www.vantagechemistcoventry.com
117,[],,,,agilis health,agilishealth.co.uk
118,[],[],,,ais covid testing ltd,www.aiscovid.com
119,[],,,,al-shadhilli ltd,www.shifa-pharmacy.co.uk
120,[],,,,alexandru livinschi (t/a bai long ltd),covid19getatest.co.uk
121,[],,,,alexandru livinschi (t/a gat c-19),covid19getatest.co.uk
122,[],,,,all healthcare,allhealthcare.co.uk
123,[],,,,alphabiolabs,www.alphabiolabs.co.uk
124,[],,,,alphamedicol ltd,alphamedicol.co.uk
125,[],,,,alphamedicol ltd.,alphamedicol.co.uk
126,[],,,,ambulance services 24 ltd,www.ambulanceservices24.co.uk
127,[],,,,ambutech pre-hospital care,ambutech.co.uk
128,[],,,,amin pharmacy,www.aminpharmacyhounslow.co.uk
129,[],,,,an sf screening and vaccination service,www.sfvaccinations.co.uk
130,[],,,,andres pharmacy,pharmaelite.co.uk
131,[],,,,anglia dna services,covidfit2fly.com
132,[],,,,anglo belgravia,www.bg-london.com
133,[],,,,apollo testing,www.apollotesting.com
134,[],,,,arrival diagnostics,www.arrivaldiagnostics.co.uk
135,[],,,,arrival test centre,arrivaltestcenter.com
136,,[],,,arriving uk,
137,[],,,,arrivinguk,arrivinguk.com
138,[],,,,ask chemist,askchemist.co.uk
139,[],,,,assured screening,www.assuredscreening.com
140,,,,,assured screening.com,
141,[],,,,assuredscreening.com,www.assuredscreening.com
142,[],,,,atlas medical services ltd,atlasmed.co.uk
143,,,,,atropa blood clinic,
144,[],,,,atruchecks,covid19tests.atruchecks.com
145,[],,,,audley pharmacy,audley-remedys.uk
146,[],,,,avante health ltd,www.avantetestcentre.co.uk
147,[],,,,avante health private gp,www.avantetestcentre.co.uk
148,[],,,,avery labs,www.averylabs.co.uk
149,[],,,,avicenna health,www.avicenna-health.com
150,[],,,,bansals pharmacy,www.bansalspharmacy.co.uk
151,[],,,,bansals pharmacy (southend on sea),bansalspharmacy.co.uk
152,[],,,,"bansals pharmacy (southend on sea),",bansalspharmacy.co.uk
153,[],,,,barkerhouse pharmacy,barkerhousepharmacy.co.uk
154,[],,,,baseline medicine,www.baselinemedicine.co.uk
155,[],,,,bestway national chemists t/a well pharmacy ltd,www.well.co.uk
156,[],,,,better2know,www.better2know.co.uk
157,[],,,,biograd diagnostic laboratories,www.biograd.co.uk
158,[],,,,biograd diagnostics,www.biograddiagnostics.co.uk
159,[],,,,biogroup laboratory,biogroup-laboratory.co.uk
160,,,,,biolab london ltd,
161,[],[],,,biotherapy services,www.rapidcovidtesting.org.uk
162,[],,,,black and banton,www.blackandbanton.co.uk
163,[],,,,blackburn travel clinic,blackburntravelclinic.co.uk
164,[],[],,,blindspot global,blindspotglobal.com
165,[],,,,blindspot global ltd,blindspotglobal.com
166,[],[],,,blue horizon medicals,www.bluehorizonbloodtests.co.uk
167,,,,,book a travel test,
168,[],,,,boots uk,www.boots.com
169,[],,,,bristol travel clinic,www.bristoltravelclinic.co.uk
170,[],[],,,brunswick hygiene,brunswickhygiene.com
171,[],[],,,brunswick hygiene ltd,www.brunswickhygiene.com
172,[],,,,bupa occupational health ltd,www.bupa.co.uk
173,[],,,,bupa occupational health ltd.,www.bupa.co.uk
174,[],,,,c & h esher limited (t/a central pharmacy),www.centralpharmacyesher.com
175,[],,,,c & h esher ltd,www.centralpharmacyesher.com
176,[],,,,"c & h esher ltd t/a central pharmacy, esher",www.centralpharmacyesher.com
177,[],,,,c-19 direct uk lab alliance by cambrige clinical laboratories & nonocus,c-19direct.com
178,[],,,,"c-19 direct uk lab alliance by cambrige clinical laboratories & nonocus, using c-19 direct uk lab alliance by cambrige clinical laboratories & nonocus",c-19direct.com
179,[],,,,c19 testing,www.c19testing.co.uk
180,[],,,,calder pharmacy & medspa clinic,www.medspa.co.uk
181,,,,,calder pharmacy & medspa clinic notting hill,
182,,[],,,calder pharmacy & medspa clinic of notting hill,
183,[],,,,caliber medical services,www.calibermedicalservices.co.uk
184,[],,,,candarin medical,candarinmedical.com
185,[],,,,caxton pharmacy,www.caxtonpharmacy.com
186,[],[],,,centennial medical care,www.centennialmedical.co.uk
187,[],,,,chase lodge hospital,www.chaselodgehospital.com
188,[],,,,chb medical,www.chbmedical.co.uk
189,[],,,,chb medical ltd,www.chbmedical.co.uk
190,[],[],,,check my body health,checkmybodyhealth.com
191,[],,,,chelsea medical,www.chelsealondondoctor.com
192,[],,,,chelsea pharmacy medical clinic,cpmedicalclinic.com
193,[],,,,"cheltenham, west midlands & worcester travel clinics",raylanetravelclinics.co.uk
194,[],,,,"cheltenham, worcester & west midlands travel clinics",raylanetravelclinics.co.uk
195,[],,,,"cheltenham, worcester and west midlands travel clinics",raylanetravelclinics.co.uk
196,,[],,,chhp and ceritific,
197,[],,,,chronomics,www.chronomics.com
198,,[],,,cht,
199,[],,,,church pharmacy,thechurchpharmacy.com
200,[],,,,church pharmacy weybridge,churchpharmacyclinic.co.uk
201,[],,,,churchill's pharmacy,befittofly.com
202,[],,,,cignpost diagnostics,www.expresstest.co.uk
203,[],,,,circular 1 health ltd,circular1.com
204,[],,,,citydoc medical,www.citydoc.org.uk
205,[],,,,citydoc medical limited,www.citydoc.org.uk
206,[],,,,ck doctors covid travel clinics,www.covidtravelclinics.com
207,[],,,,claret diagnostics ltd,www.privatecovidtests.co.uk
208,[],,,,clear diagnostics,www.cleardiagnostics.co.uk
209,[],,,,clear diagnostics ltd,www.cleardiagnostics.co.uk
210,[],,,,clinicare uk,clinicare-uk.com
211,[],,,,clnq,www.clnq.com
212,[],,,,coker chest clinic,www.chestclinic.co.uk
213,[],,,,collingwood health,collingwoodhealth.com
214,[],,,,collinson,www.collinsongroup.com
215,[],,,,complete covid tests,completecovidtests.com
216,[],,,,concepto clinic,conceptoclinic.co.uk
217,[],,,,concierge medical,conciergemedical.co.uk
218,[],,,,concierge medical practice,www.conciergemedical.co.uk
219,[],,,,confirm testing,www.confirmtesting.com
220,[],,,,confirm testing limited,www.confirmtesting.com
221,[],,,,consultant clinic,consultantclinic.org
222,[],,,,coop pharmacy,www.cooppharmacy.coop
223,[],,,,corona test centre,www.coronatestcentre.com
224,[],,,,corona testing,www.corona-testing.com
225,[],,,,corona-testing,www.corona-testing.com
226,[],,,,coronafocus by oncologica uk,covid19.oncologica.com
227,[],,,,coronafocus by oncologica uk ltd (t/a oncologica uk ltd),covid19.oncologica.com
228,[],,,,corporate covid tests,www.1corporatecovidtests.com
229,,,,,cosmebeaute,
230,[],,,,courtfield private practice,www.courtfieldpp.co.uk
231,[],,,,cov19 care,www.cov19care.co.uk
232,,[],,,cov19care ltd,
233,[],,,,covguard,www.covguard.com
234,[],,,,covguard premium,www.covguard.com
235,[],,,,covid 19 private test ltd,covidtravelpcr.com
236,[],,,,covid clear clinic,www.covidclearclinic.com
237,[],,,,"covid fit to fly tes t/a nash travel, tourism and transport services ltd.",www.covidfittoflytest.co.uk
238,,,,,covid mobile health services/remote trauma ld,
239,[],[],,,covid smart limited,covidsmart.co.uk
240,[],,,,covid test,001covidtest.co.uk
241,[],,,,covid test centre,www.covidtestcentre.net
242,,,,,covid test hub,
243,[],,,,covid test pick and drop,covidtestpickanddrop.com
244,,,,,covid test today,
245,[],,,,covid testing laboraratories,covidtestinglaboratories.com
246,[],[],[],,covid testing laboratories,www.covidtestinglaboratories.com
247,[],,,,covid testing laboratories ltd,www.ctls.co.uk
248,[],,,,covid travel clinics,www.covidtravelclinics.com
249,[],[],,,covid-19 travel clinic,www.covid19travelclinic.com
250,[],,,,covid19 checking,covid19checking.co.uk
251,,,,,covid19 health clinics limited,
252,[],,,,covidfly,www.covidfly.co.uk
253,[],,,,covido,www.covido.co.uk
254,[],,,,covitests,www.covitests.co.uk
255,[],,,,coyne medical,coynemedical.com
256,[],,,,coyne medical ltd,coynemedical.com
257,[],[],,,cq doctor,www.cqdoctor.co.uk
258,[],[],,,crown laboratories ltd,pysertesting.com
259,[],,,,cryo express,www.cryoexpresshq.com
260,[],,,,ct24 solutions ltd,ct24.co.uk
261,[],,,,ctm (nhs t&t),quarantinehotelbookings.ctmportal.co.uk
262,[],[],,,d&a screening ltd,www.dnascreening.uk
263,[],,,,dajani pharmacy,www.dajanipharmacy.com
264,[],[],,,dante labs,dantelabs.co.uk
265,[],,,,daya pharmacy,pharmaelite.co.uk
266,[],,,,dears pharmacy & travel clinic,dearspharmacy.co.uk
267,[],[],,,dgc health ltd,wwwdgchealth.com
268,[],,,,digital health group ltd t/a pharma diagnostics,pcrdirect.co.uk
269,[],,,,dna workplace,www.dnaworkplace.com
270,,[],,,dochq.co.uk,
271,[],,,,doctap,doctap.co.uk
272,[],,,,doctap ltd,doctap.co.uk
273,[],,,,doctor driver assessment ltd,www.doctordriverassessment.com
274,[],,,,doctorcall limited,doctorcall.co.uk
275,[],,,,doctors clinic group,www.londondoctorsclinic.co.uk
276,[],,,,doctors covid travel clinics,www.covidtravelclinics.com
277,[],,,,dorset private gp,www.dpgpcovidtesting.co.uk
278,[],,,,dr mo private clinic,www.drmoprivateclinic.co.uk
279,,,,,dr mo private clinic norwich,
280,[],,,,dr shilpa dave private gp teddington,www.privategp.org
281,[],,,,dr tim lebens,www.drlebens.com
282,,,,,dr wayne cottrell,
283,[],,,,"dr wayne cottrell, private gp canary wharf",www.drwaynecottrell.com
284,[],,,,dr. shilpa dave private gp teddington,www.privategp.org
285,[],,,,dr. wayne cotrell & co.,www.drwaynecottrell.com
286,[],,,,duality health,www.dualityhealth.co.uk
287,[],,,,east midlands laser and cosmetic clinic ltd,emlcc.as.me
288,[],,,,easter pharmacy,www.myeasters.com
289,[],,,,easy testing,www.easytests.co.uk
290,[],,,,easy testing ltd,www.easytests.co.uk
291,[],,,,edgbaston private medical practice,www.epmpractice.co.uk
292,[],,,,edgcare private community family doctors,www.privatedoctorsnorthlondon.co.uk
293,[],,,,effect doctors,effectdoctors.com
294,,[],,,elements medical,
295,[],,,,elite safety clinic,elitesafetyclinic.com
296,[],,,,empire medicines ltd t/a empire pharmacy,empirepharmacy.co.uk
297,[],,,,enoura medical (af aesthetics),www.covidtesthub.co.uk
298,,,,,epistem,
299,[],,,,est-health wellness clinic,www.est-health.com
300,[],,,,eurofins,www.eurofins.co.uk
301,[],,,,eurofins forensic services,www.eurofins.co.uk
302,[],,,,eurofins forensic services ltd,www.eurofins.co.uk
303,[],,,,everwell chinese medical centre ltd,www.everwell.co.uk
304,[],,,,everything genetic,everythinggeneticltd.co.uk
305,[],,,,everything genetic limited,covidtests.everythinggeneticltd.co.uk
306,[],[],,,everything genetic ltd,everythinggeneticltd.co.uk
307,[],,,,everythinggeneticlimited,covidtests.everythinggeneticltd.co.uk
308,[],,,,evolve medical,www.evolvemedical.co.uk
309,[],,,,excalibur diagnostics ltd,testing.excaliburhealth.co.uk
310,[],,,,expert covid testing uk,www.expertcovidtestinguk.com
311,[],,,,expert doctors,www.expertdoctors.uk
312,[],,,,expert medicals,www.expert-medicals.co.uk
313,[],,,,expert tms limited,www.expertcovidtestinguk.com
314,[],,,,express testing,www.myexpresstesting.co.uk
315,[],,,,expresstest by cignpost diagnostics,www.expresstest.co.uk
316,[],,,,fakir chemist,www.fakirchemist.co.uk
317,[],[],,,family medics,srfoundation.co.uk
318,[],,,,first medical consultants,www.firstmc.co.uk
319,[],[],,,fit to fly uk,fittoflyuk.com
320,[],,,,fit2fly test ltd,www.fit2flytest.com
321,[],,,,fit2fly24/7 ltd,www.fit2fly247.co.uk
322,[],,,,fitnessgenes,coronavirus.fitnessgenes.com
323,[],,,,flow living medi-care services,www.flowmedicareservices.co.uk
324,[],,,,flysurance,www.flysurance.co.uk
325,[],,,,forensic genomics innovation hub ltd,www.fgih.co.uk
326,[],,,,fusion pharmacy,fusion-pharmacy.co.uk
327,[],,,,fusion radiology,www.fusion-radiology.com
328,[],,,,fusion radiology ltd,www.fusion-radiology.com
329,[],,,,future health technologies,futurehealthbiobank.com
330,[],,,,future health technologies limited,futurehealthbiobank.com
331,[],,,,future healthcare ltd,www.futurehealthcare.uk
332,[],,,,g16 covid testing,www.coronatest.co.uk
333,[],,,,genesis support (t/a fit to fly uk),www.fittoflyuk.com
334,[],[],,,ghosh medical group,www.drarunghosh.co.uk
335,[],,,,global covid19 testing,globalcovid19testme.co.uk
336,[],[],,,global express travel health clinic,www.globalexpresstravelclinic.com
337,[],,,,global express travel health clinic ltd,global-express-travel-health-clinic.selectandbook.com
338,[],,,,global health travel clinic,www.globalhealthtravelclinic.co.uk
339,[],,,,global health travel clinic - longcross surrey,www.globalhealthtravelclinic.co.uk
340,[],,,,good egg medical,goodeggmedical.co.uk
341,,,,,good egg medical limited,
342,[],,,,goodbody clinic,www.goodbodyclinic.com
343,[],,,,gpdq,www.gpdq.co.uk
344,[],,,,gpdq ltd,www.gpdq.co.uk
345,,,,,guildhall pharmacy,
346,[],,,,hale clinic harley street,www.haleclinic.com
347,[],,,,halo verify,www.haloverify.com
348,[],,,,hampshire travel clinic,hampshiretravelclinic.co.uk
349,[],,,,"hampstead heath pharmacy, travel health & vaccination clinic",hhpharmacy.co.uk
350,[],[],,,harley medic international,harleymedic.co.uk
351,[],,,,harley street dr,www.harleystreetdr.com
352,[],,,,harley street nurses,www.harleystreetnurses.com
353,[],,,,harley street nurses ltd,www.harleystreetnurses.com
354,[],,,,harleys pharmacy,www.nhs.uk
355,[],,,,harleystreet,01harleystreet.co.uk
356,[],,,,harper institute ltd,www.instituteofpreventativemedicine.com
357,[],,,,harper medical ltd,www.instituteofpreventativemedicine.com
358,[],,,,harveyrhys clinic,covidoc.co.uk
359,[],[],,,hawkes health,www.hawkeshealth.com
360,[],,,,heald green pharmacy,smtravelclinic.co.uk
361,[],,,,healthclic,healthclic.co.uk
362,[],,,,healthium clinics,healthiumclinics.com
363,[],,,,healthwork,healthworkltd.com
364,[],,,,healthwork ltd,healthworkltd.com
365,[],,,,healthyaa clinic,healthyaa.co.uk
366,[],,,,heart lung centre,heartlungcentre.com
367,[],,,,heathrow medical services,www.heathrowmedical.com
368,[],,,,heathrow medical services llp,www.heathrowmedical.com
369,[],,,,helix services limited also t/a travel test assured,www.traveltestassured.com
370,[],,,,herts,www.nph-group.co.uk
371,[],,,,hhh diagnostics,hhhdiagnostics.co.uk
372,[],,,,home2lab,home2lab.co.uk
373,[],,,,https://private-testing-providers.london.cloudapps.digital/refresh-cache?id=750482,www.occupationalhealthbristol.co.uk
374,[],,,,i-gen testing,www.igentesting.co.uk
375,[],,,,i-gen testing limited,www.igentesting.co.uk
376,[],,,,ihomecare,www.ihomecare.co
377,[],,,,ingleton pharmacy,www.ingletonpharmacy.com
378,[],,,,insta care solutions limited,www.instacaresolutions.co.uk
379,[],,,,iq  doctor,www.iqdoctor.co.uk
380,[],,,,iq doctor,www.iqdoctor.co.uk
381,[],,,,iqdoctor,www.iqdoctor.co.uk
382,[],,,,isac labs ltd,isaclabs.co.uk
383,[],,,,jace medical,jacemedical.co.uk
384,[],,,,jdoc medical limited,jdoc365.co.uk
385,[],,,,jdoc medical limited ( t/a jdoc365),jdoc365.co.uk
386,[],,,,jdoc medical limited (t/a jdoc365),www.jdoc365.co.uk
387,,,,,jdoc medical linited (t/a jdoc365),
388,[],,,,john bell & croyden,johnbellcroyden.co.uk
389,[],,,,js biomedical ltd,www.jsbiomedical.com
390,[],,,,just health,www.just-health.co.uk
391,[],[],,,katalyst laboratories,katalystlaboratories.com
392,[],,,,kings medical centre,kingsmedicalcentre.london
393,[],,,,klarity,klarity.health
394,[],,,,klinical enterprises ltd t/a national covid testing,nationalcovidtesting.co.uk
395,[],,,,knightsbridge pharmacy,www.knightsbridge-pharmacy.com
396,[],,,,kurix health,www.kurixhealth.co.uk 
397,[],,,,kyl healthcare services limited t/as the honeybee private nurse clinic,kylhealthcareservices.co.uk
398,[],,,,la perla clinic,laperlaclinic.co.uk
399,[],,,,labmedexpert,labmedexpert.com
400,[],[],,,labmedexpert limited,labmedexpert.com
401,[],,,,laser and light,www.thelaserandlightclinic.co.uk
402,[],,,,leeds covid testing,www.leedscovidtesting.com
403,[],,,,leeds covid testing ltd,www.leedscovidtesting.com
404,[],[],,,leigh broadway pharmacy (elm road),bansalspharmacy.co.uk
405,[],,,,lifecrest ltd trading as (lifecrest medical laboratory),lifecrest.co.uk
406,[],,,,linbury doctors,www.linburydoctors.co.uk
407,[],,,,live covid testing,livecovidtesting.co.uk
408,,[],,,local pcr,
409,[],,,,locaton medical services ltd,locationmedical.com
410,[],,,,london corona test centre,www.londoncoronatestcentre.com
411,[],,,,london covid testing,www.londoncovidtesting.com
412,[],,,,london elite health,covid.londonelitehealth.com
413,[],,,,london medical concierge,londonmedicalconcierge.com
414,[],,,,london medical laboratory,www.privatecoronavirustests.com
415,[],,,,london medical laboratory / private coronavirus tests,www.privatecoronavirustests.com
416,[],,,,london nutrition doctor,access.londonnutritiondoctor.com
417,[],,,,london screening centre,londonscreeningcentre.com
418,[],,,,london screening street,londonscreeningcentre.cm
419,[],[],,,london vaccination clinic,shop.londonvaccinationclinic.co.uk
420,[],,,,longridge travel health clinic,www.longridgetravelhealthclinic.com
421,[],,,,lord's pharmacy,www.lordspharmacy.net
422,[],,,,lyca health,lycahealth.com
423,[],,,,mare st clinic,www.marestclinic.co.uk
424,[],,,,masta,www.masta-travel-health.com
425,,[],,,masters (uk) limited t/a nechells pharmacy and masters pharmacy,
426,[],,,,masters pharmacy,pharmacyledclinic.co.uk
427,[],,,,mayfair doctors,www.mayfairdoctors.com
428,[],,,,mayfair pharmacy,londonpcr.com
429,[],,,,mayfield clinic,www.mayfieldclinic.co.uk
430,[],,,,mdna life sciences,www.nph-group.co.uk
431,[],,,,mdna life sciences (uk) ltd,www.nph-group.co.uk
432,[],,,,mdx healthcare ltd t/a medix,mdxhealthcare.com
433,[],,,,me360 healthcare limited t/a me360 testing services,www.me360testingservice.com
434,[],,,,me360 healthcare ltd t/a me360 testing services,www.me360testingservice.com
435,[],,,,me360 testing services,www.me360testingservice.com
436,[],,,,med24 limited,www.med24.clinic
437,[],,,,medchecks,medchecks.co.uk
438,,[],[],,medi-park clinic,
439,[],,,,medi-swift,www.manchestercovidtesting.co.uk
440,[],,,,medic 1 direct,www.medic1.co.uk
441,[],,,,medic testing,www.medictesting.com
442,[],,,,medical,samedaycoronavirustests.com
443,[],,,,medical and rescue,www.medicalandrescue.co.uk
444,[],,,,medical and rescue - london and lhr,www.medicalandrescue.co.uk
445,[],,,,medical covid test,www.medicalcovidtest.com
446,[],,,,medical diagnosis,www.medical-diagnosis.net
447,[],,,,medical logistics,samedaycoronavirustests.com
448,[],,,,medical logistics / samedaycoronavirustests.com,samedaycoronavirustests.com
449,[],,,,medical testing,4medicaltesting.co.uk
450,[],,,,medicines online,medicinesonline.org.uk
451,[],,,,medicines online ltd,medicinesonline.org.uk
452,[],[],,,medicspot,www.medicspot.co.uk
453,[],,,,medinow,medinow.co.uk
454,[],,,,mediscan diagnostic services,www.mediscanservices.co.uk
455,[],,,,medplus test,medplustest.uk
456,[],,,,medwyn occupational health,medwynoh.co.uk
457,[],,,,mhf medical concierge,mhfcovidtesting.co.uk
458,[],,,,midland covid testing,midlandcovidtesting.co.uk
459,[],,,,midland covid testing limited,mlandtestingkit.uk
460,[],,,,midland health,midlandhealth.co.uk
461,[],,,,midlands ultrasound and medical services,www.mums.me.uk
462,[],,,,mildcare ltd,lincolnpharmacy.co.uk
463,[],,,,minton treharne & davies laboratories,shop.minton.group
464,[],,,,minton treharne & davies laboratories limited,shop.minton.group
465,[],,,,mk18 private medical practice,www.mk18medical.com
466,[],,,,mlp,www.mylondonpharmacy.co.uk
467,[],,,,mobihealth international,mobihealthconsultcovid19.mobihealthinternational.com
468,[],,,,moore medical practice,www.mooremedicalpractice.co.uk
469,,,,,msh medical,
470,[],,,,msi clinics,www.msiclinics.com
471,[],,,,msi clinics limited,www.msiclinics.com
472,[],,,,my express testing,www.myexpresstesting.co.uk
473,[],,,,my express testing uk,www.myexpresstesting.co.uk
474,[],,,,my local travel clinic,www.mylocaltravelclinic.co.uk
475,[],,,,my london pharmacy,www.mylondonpharmacy.co.uk
476,[],[],,,my private chemist,myprivatechemist.com
477,[],,,,myhealthcare clinic,myhealthcareclinic.com
478,[],,,,myhealthchecked,myhealthchecked.com
479,[],,,,national covid testing (klinical enterprises ltd),nationalcovidtesting.co.uk
480,[],,,,nationwide pathology,nwp-online.co.uk
481,[],,,,nationwide pathology limited,nwp-online.co.uk
482,[],,,,nechells pharmacy and masters pharmacy,www.nechellspharmacy.co.uk
483,,[],,,new street pharmacy,
484,[],,,,new street pharmacy t/a the travel vaccine room,thetravelvaccineroom.co.uk
485,[],,,,newcastle premier health,www.nph-group.co.uk
486,[],,,,nhl pharmacy,getavaccine.co.uk
487,[],,,,nivha laboratory services ltd,nivhacovid.net
488,,,,,"nivha laboratory services ltd, randox",
489,[],,,,nivha laboratory services ltd.,nivhacovid.net
490,[],,,,nl clinic,www.nlclinic.co.uk
491,[],,,,nomad,www.nomadtravel.co.uk
492,[],,,,nomad travel,www.nomadtravel.co.uk
493,[],,,,north and north west london covid tests,www.covidtestslondon.com
494,[],,,,north devon travel clinic,www.northdevontravelclinic.co.uk
495,[],,,,northend clinic,northendclinic.co.uk
496,[],,,,northway clinic,northwayclinic.co.uk
497,[],,,,nottinghamshire,emlcc.as.me
498,[],,,,now test,www.nowtest.com
499,[],,,,nph group,www.nph-group.co.uk
500,[],,,,nutraceuticals laboratory london limited,nutraceuticalslondon.co.uk
501,[],,,,nx healthcare,www.nxhealthcare.co.uk
502,[],,,,objective health ltd,www.objectivehealth.co.uk
503,[],[],,,occupational health bristol,www.occupationalhealthbristol.co.uk
504,[],,,,occupational health prime,www.covid.ohprime.co.uk
505,[],[],,,olive health & travel clinic,booking.olivehealthandtravel.co.uk
506,[],,,,one scientic ltd,onescientific.co.uk
507,[],,,,one scientific ltd,onescientific.co.uk
508,[],,,,one scientific ltd.,onescientific.co.uk
509,[],,,,one5 health,www.one5.health
510,[],,,,optimized body &  mind,optimizedbodyandmind.co.uk
511,[],,,,optimized body & mind,optimizedbodyandmind.co.uk
512,[],,,,optipharm pharmacy,optipharmpharmacy.co.uk
513,[],,,,orchard clinic / orchard blood,orchardblood.co.uk
514,[],,,,oscartech uk,www.oscartech-uk.com
515,[],,,,outcome diagnostics,tests.medicspot.co.uk
516,[],[],,,outcome diagnostics (outcomedx),www.outcomedx.com
517,[],,,,outcome diagnostics t/a 123 tests,123tests.co.uk
518,[],,,,oxford covid tests,oxfordcovidtests.com
519,[],,,,pall mall medical (manchester) limited,www.pallmallmedical.co.uk
520,[],,,,pcr labs,pcrlabs.co.uk
521,[],,,,pcrtravel ltd london,pcrtravel.co.uk
522,[],,,,pct healthcare,www.peakpharmacy.co.uk
523,[],,,,"pct healthcare t/a peak pharmacy, manor pharmacy, cox-robinson pharmacy",www.peakpharmacy.co.uk
524,[],,,,pennfields pharmacy,www.travel-vaccination.co.uk
525,[],,,,peplobio,www.peplobio.co.uk
526,[],,,,pexpo diagnostic,londontesting.co.uk
527,[],,,,pexpo diagnostics,londontesting.co.uk
528,[],,,,pharmacy led clinic,pharmacyledclinic.co.uk
529,[],[],,,pharmasuite,pharmasuite.co.uk
530,[],,,,pharmesthetics ltd,www.samedayclinic.co.uk
531,[],,,,pharmesthetics ltd (t/a http://www.samedayclinic.co.uk),www.samedayclinic.co.uk
532,[],,,,physiofunction,www.physiofunction.co.uk
533,[],,,,physiowork therapy uk ltd,www.physiowork.co.uk
534,[],,,,pillhub-feltham pharmacy,pillhub.co.uk
535,[],,,,polaris medical services ltd,www.polarismedical.co.uk
536,[],,,,premier clinic ltd,www.premier-clinic.co.uk
537,[],,,,private gp clinic,www.privategpclinic.co.uk
538,[],,,,private gp services uk ltd,privategpservices.co.uk
539,[],,,,private gp teddington,www.privategp.org
540,[],,,,private harley street clinic,privateharleystreetclinic.com
541,[],,,,private-testing-providers london cloudapps digital refresh,www.occupationalhealthbristol.co.uk
542,[],,,,project olive lindfield limited,projectolive.org
543,[],,,,project screen by prenetics,www.projectscreen.co.uk
544,[],,,,protein technologies ltd / rapiditydx,rapiditydx.com
545,[],,,,protein technologies ltd t/a as rapiditydx,rapiditydx.com
546,[],,,,protein technologies t/a rapiditydx,rapiditydx.com
547,[],,,,proviris solutions,provirissolutions.com
548,,,,,pt diagnostics,
549,,[],,,pulmonics,
550,[],,,,pulteney pharmacy,www.pulteneypharmacy.com
551,[],,,,pureflo health ltd,pureflohealth.co.uk
552,[],,,,pyramid pharmacy,pyramidpharmacywoolwich.co.uk
553,[],,,,pyramid pharmacy bermondsey,www.pcrtest2release.com
554,[],,,,pyramid pharmacy woolwich,pyramidpharmacywoolwich.co.uk
555,,[],,,pyser testing,
556,[],,,,queen anne street medical centre,heartlungcentre.com
557,[],,,,quest medical,www.questmedical.co.uk
558,[],,,,quick clinics,www.quickclinics.co.uk
559,[],,,,quick meds,www.quickmeds.co.uk
560,[],,,,quick meds using labmedexpert,www.quickmeds.co.uk
561,[],[],,,qured,qured.com
562,[],[],,,rainbow labs,www.rainbowlabs.co.uk
563,[],,,,ramss,www.ramss.co.uk
564,[],,,,ramss limited,www.ramss.co.uk
565,[],,,,randox health airport testing,fly.randox.com
566,[],,,,randox health liverpoolone,lpl.randox.com
567,[],,,,randox health london limited,fly.randox.com
568,[],,,,randox laboratories,www.randoxhealth.com
569,[],,,,randox laboratories ltd,www.randoxhealth.com
570,[],,,,rapid covid testing,www.rapidcovidtesting.org.uk
571,[],,,,rapid health test,rapidhealthtest.com
572,[],[],,,rapid pcr,rapidpcr.co.uk
573,[],,,,rapiditydx,www.rapiditydx.com
574,[],,,,rb health and safety solutions ltd,www.rbhealthandsafety.co.uk
575,[],[],,,rb healthcare ltd,www.clearchemist.co.uk
576,[],,,,reading fit to fly,www.readingfittofly.co.uk
577,[],,,,reading fit to fly/oxford road clinics ltd,www.readingfittofly.co.uk
578,[],,,,recovery4life,www.recovery4life.co.uk
579,[],,,,red 1 response,covid.red1response.com
580,[],,,,remedi health,remedihealth.co
581,[],,,,remedys pharmacy,audley-remedys.uk
582,,,,,remedys pharmacy w9,
583,[],,,,research consultancy and health ltd,rcandh.com
584,[],,,,reviv uk,reviv-pcr.co.uk
585,[],,,,rightangled,www.rightangled.co
586,[],,,,rivahealth,rivahealth.co.uk
587,[],,,,roc health services,rochealthservices.com
588,[],,,,roc private clinic,rocprivateclinic.com
589,[],,,,rosalyn’s medical and wellbeing clinic,rosalynsmedical.com
590,[],,,,roshni clinic,www.roshniclinic.com
591,[],,,,rt diagnostics,www.rtdiagnostics.co.uk
592,[],,,,same day clinic,www.samedayclinic.co.uk
593,[],,,,samedaydoctor,questionnaire.heydoc.co.uk
594,[],,,,samedaydoctor canary wharf,samedaydoctor.org
595,[],,,,samedaydoctor city clinic,www.samedaydoctor.org
596,[],,,,samedaydoctor manchester,questionnaire.heydoc.co.uk
597,[],,,,saunders pharmacy,fgsaunderspharmacy.co.uk
598,[],,,,scotnursing & medical services (snms),scotnursing.com
599,[],[],,,screen4,screen4.org
600,[],,,,sevenoaks gp t/a the private gp clinic,www.theprivategpclinic.co.uk
601,[],,,,shakib&neale limitd (107 harley street),harleystreetmaxillofacialclinic.com
602,[],,,,shantys pharmacy,shantyspharmacy.com
603,[],[],,,sirkka networks limited,www.sirkkanetworks.com
604,[],[],,,site lt,sitelt.co.uk
605,[],,,,skc occupational health,suchantry.com
606,[],,,,skc occupational health oxford,suchantry.com
607,[],,,,sloane square medical,www.sloanesquaremedical.org
608,[],,,,sloane street testing,www.sloanestreettesting.co.uk
609,[],,,,solice health ltd,www.solice.health
610,[],,,,solihull health check clinic,www.solihullhealthcheckclinic.co.uk
611,[],,,,somdoc ltd / home2lab,home2lab.co.uk
612,[],,,,sorcha biotech,www.sorchabiotech.com
613,[],,,,source bioscience,coviduk.sourcebioscience.com
614,[],,,,south west london covid 19 testing centre,www.swltest.com
615,[],,,,south west london covid-19 centre,www.swltest.com
616,[],,,,southdowns private healthcare,www.southdownsprivatehealthcare.co.uk
617,[],,,,sterling testing,www.sterlingtesting.co.uk
618,[],,,,summerfield healthcare,www.summerfieldhealthcare.co.uk
619,,,,,sussex healthcare solutions ltd,
620,[],,,,synlab,humanmedicine.synlab.co.uk
621,[],,,,t consultants,www.covidtestscentre.com
622,[],[],,,t consultants ltd,covidtestscentre.com
623,[],,,,"t/a nash travel, tourism and transport services ltd",www.covidfittoflytest.co.uk
624,,[],,,tac healthcare group,
625,[],,,,tamsel (uk) ltd,tamsel.co.uk
626,[],,,,test assurance group,testassurancegroup.com
627,[],,,,test for now,testfornow.co.uk
628,[],,,,test for now ltd,testfornow.co.uk
629,[],,,,test to you,testtoyou.co.uk
630,[],,,,testing for all,www.testingforall.org
631,[],,,,testngo,testngo.co.uk
632,[],[],,,the bridge clinic,please.use.email
633,,,,,the city & travel clinic,
634,[],,,,the clinic mk ltd,www.theclinicmk.co.uk
635,[],,,,the express clinic,www.theexpressclinic.com
636,[],,,,the guildhall practice,theguildhallpractice.co.uk
637,[],,,,the health clinic by ar,www.healthclinicbyar.co.uk
638,[],,,,the health clinic by ar limited,www.healthclinicbyar.co.uk
639,[],,,,the health suite,thehealthsuite.co.uk
640,[],,,,the hove practice,thehovepractice.co.uk
641,[],,,,the london general practice,www.thelondongeneralpractice.com
642,,,,,the mayfair gp,
643,[],,,,the mayfair gp clinic,www.themayfairgp.com
644,[],,,,the medic clinic,medicclinic.co.uk
645,,[],,,the melton clinic,
646,[],,,,the montague clinic,montagueclinic.com
647,[],,,,the new foscote hospital,thefoscotehospital.co.uk
648,[],,,,the palace gate practice limited,www.palacegatepractice.com
649,[],,,,the pharmacy at mayfair and clinic,www.pharmacymayfair.co.uk
650,[],,,,the regenerative clinic,www.theregenerativeclinic.co.uk
651,[],,,,the travel health clinic,thetravelhealthclinic.co.uk
652,[],,,,the travel vaccine room,thetravelvaccineroom.co.uk
653,[],,,,the walcote practice,thewalcotepractice.co.uk
654,,,,,the wellness people ltd,
655,[],,,,the whitehall clinic,www.whitehallclinic.com
656,[],,,,thechemistlive.co.uk,thechemistlive.com
657,[],,,,top health clinic,tophealthclinic.co.uk
658,[],,,,totley pharmacy ltd,www.totleypharmacy.co.uk
659,[],,,,tower bridge wellness pharmacy,www.thewellnesspharmacy.co.uk
660,[],,,,tp healthcare services,www.tphealthcareservices.com
661,[],,,,tp healthcare services limited,www.tphealthcareservices.com
662,[],,,,tp healthcare services ltd,www.tphealthcareservices.com
663,[],,,,travel 19,www.travel19.co.uk
664,[],,,,travel centre,www.travelcentreclapham.com
665,[],,,,travel centre clapham,www.travelcentreclapham.com
666,[],,,,travel centre clapham ltd,www.travelcentreclapham.com
667,[],,,,travel klinix,travelklinix.com
668,[],[],,,travel test centre ltd,www.traveltestcentre.com
669,[],,,,treated.com,www.treated.com
670,[],,,,trio pharmacy,www.triopharmacy.co.uk
671,[],[],,,tuli health,portal.tuli.health
672,[],,,,uk covid test centre,www.covidtestcentre.net
673,[],,,,uk event medics,www.ukeventmedicservices.co.uk
674,[],,,,uk event medics limited,www.ukeventmedicservices.co.uk
675,[],,,,uk event medics ltd,www.ukeventmedics.net
676,[],,,,uk health testing,ukhealthtesting.com
677,[],,,,uk testing arrival centre,arrivaltestcenter.com
678,[],,,,ukcovidtest,ukcovidtest.co.uk
679,[],,,,vaccination uk ltd,travelvaccination.co.uk
680,[],,,,vanite clinic,www.vaniteclinic.com
681,[],,,,visithealth limited,visithealth.london
682,[],,,,vista pharmacy,www.vistapharmacy.uk
683,,,,,vitacheck,
684,[],,,,vitox,vitox.co.uk
685,[],,,,vivo clinic,vivoclinic.com
686,[],,,,vsm pharmacy,www.vsmpharmacy.co.uk
687,[],,,,well pharmacy (bestway national chemists ltd),shop.well.co.uk
688,[],,,,well pharmacy (bestway national chemists),shop.well.co.uk
689,[],,,,west midlands,www.shifa-pharmacy.co.uk
690,[],,,,weston road pharmacy,www.travel-vaccination.co.uk
691,[],,,,westwood pharmacy,www.vaccinesfortravels.co.uk
692,[],,,,winchester gp,winchestergp.com
693,,,,,woodsetton pharmacy,
694,[],,,,world travel clinic,www.thepharmshop.com
695,[],,,,worldwide travel health clinic,www.worldwidetravelhealth.co.uk
696,[],,,,wren healthcare,wrenhealthcare.co.uk
697,[],,,,"www.covidfittoflytest.co.uk t/a nash travel, tourism and transport services ltd.",www.covidfittoflytest.co.uk
698,[],,,,xana medtec,www.xanamedtec.com
699,[],,,,xana medtec ltd,www.xanamedtec.com
700,[],,,,yakub chemist,www.yakubchemist.co.uk
701,[],,,,your doctor film and media,yourdoctorfm.com
702,[],,,,your gp circle,yourgpcircle.co.uk
703,[],[],,,your health first,your-health-first.webnode.co.uk
704,[],[],,,your health first ltd,yourhealthfirstltd.com
705,[],,,,your private health,yourprivatehealth.co.uk
706,[],,,,yourhealthfirst clinic,covid19.yourhealthfirst.uk
707,[],,,,ypchealth,www.ypchealth.co.uk
708,[],[],,,zava,www.zavamed.com
709,[],,,,zen healthcare,www.zenhealthcare.co.uk
710,[],,,,zen healthcare (purecare ltd),www.zenhealthcare.co.uk
711,[],[],,,zoomdoc,zoomdoc.com
712,[],,,,zoomdoc health,www.zoomdoc.com
